Numer	K18-2001-Niedzica-112570-126110-bUtY,wIgoń - segmenty.txt	tmin	tier	text	tmax	Mówca	Próbka	f1	f2	f3	f4	Max f1	Max f2	Max f3	Max f4	Min f1	Min f2	Min f3	Min f4	f1'	f2'	f3'	f4'
953836	K18-2001-Niedzica-268726-275660-bAbkA,trOszeczke,AlE,zA,dUżo,A,gÓtkA,gAdA,wszYstkich,pO - segmenty.txt	1,079633	informator	a	1,116012	K18-2001-Niedzica	K18-2001-Niedzica-268726-275660-bAbkA,trOszeczke,AlE,zA,dUżo,A,gÓtkA,gAdA,wszYstkich,pO	1040,091828	1707,347864	2511,400991	3902,546101	1040,091828	2059,257702	2847,220029	4156,838933	300,1611193	1439,238037	2317,122703	3549,049114	1	0,432421489	0,366495506	0,581610577
	K18-2001-Niedzica-268726-275660-bAbkA,trOszeczke,AlE,zA,dUżo,A,gÓtkA,gAdA,wszYstkich,pO - segmenty.txt	0,318414	informator	a	0,344855	K18-2001-Niedzica	K18-2001-Niedzica-268726-275660-bAbkA,trOszeczke,AlE,zA,dUżo,A,gÓtkA,gAdA,wszYstkich,pO	964,210368	1624,835253	2718,29499	3921,367331	1040,091828	2059,257702	2847,220029	4156,838933	300,1611193	1439,238037	2317,122703	3549,049114	0,897447884	0,299340853	0,75678987	0,612577252
954144	K18-2001-Niedzica-268726-275660-bAbkA,trOszeczke,AlE,zA,dUżo,A,gÓtkA,gAdA,wszYstkich,pO - segmenty.txt	3,761592	informator	a	3,863643	K18-2001-Niedzica	K18-2001-Niedzica-268726-275660-bAbkA,trOszeczke,AlE,zA,dUżo,A,gÓtkA,gAdA,wszYstkich,pO	869,2779144	1833,159756	2654,665068	3946,916531	1040,091828	2059,257702	2847,220029	4156,838933	300,1611193	1439,238037	2317,122703	3549,049114	0,769148771	0,63533746	0,636755457	0,654613495
	K18-2001-Niedzica-295760-304520-trYbszA,tYle,zamkU - segmenty.txt	1,106952	informator	a	1,245473	K18-2001-Niedzica	K18-2001-Niedzica-295760-304520-trYbszA,tYle,zamkU	859,9125989	1673,713583	2532,244469	3909,462027	1040,091828	2059,257702	2847,220029	4156,838933	300,1611193	1439,238037	2317,122703	3549,049114	0,756491754	0,378174369	0,405815603	0,59298939
	K18-2001-Niedzica-268726-275660-bAbkA,trOszeczke,AlE,zA,dUżo,A,gÓtkA,gAdA,wszYstkich,pO - segmenty.txt	2,146602	informator	a	2,200901	K18-2001-Niedzica	K18-2001-Niedzica-268726-275660-bAbkA,trOszeczke,AlE,zA,dUżo,A,gÓtkA,gAdA,wszYstkich,pO	853,1733575	1756,956363	2570,712569	3812,457301	1040,091828	2059,257702	2847,220029	4156,838933	300,1611193	1439,238037	2317,122703	3549,049114	0,747383818	0,51243266	0,478383598	0,433386969
1539448	K18-2001-Niedzica-112570-126110-bUtY,wIgoń - segmenty.txt	5,522229	informator	a	5,592218	K18-2001-Niedzica	K18-2001-Niedzica-112570-126110-bUtY,wIgoń	817,8207069	1788,842807	2581,320295	3920,256136	1040,091828	2059,257702	2847,220029	4156,838933	300,1611193	1439,238037	2317,122703	3549,049114	0,699605492	0,563860776	0,498394501	0,610748998
1539464	K18-2001-Niedzica-448233-457670-bAbka,dÁwniej,chodzIlI - segmenty.txt	1,014442	informator	a	1,106637	K18-2001-Niedzica	K18-2001-Niedzica-448233-457670-bAbka,dÁwniej,chodzIlI	810,5742805	1793,158192	2611,023944	3932,805584	1040,091828	2059,257702	2847,220029	4156,838933	300,1611193	1439,238037	2317,122703	3549,049114	0,689812107	0,570820854	0,554428831	0,631396674
	K18-2001-Niedzica-523981-530200-tÉgo,środEk,dziadEk,zAczął,tOpić,skOczyli,rAtOwali - segmenty.txt	0,817773	informator	a	0,892273	K18-2001-Niedzica	K18-2001-Niedzica-523981-530200-tÉgo,środEk,dziadEk,zAczął,tOpić,skOczyli,rAtOwali	800,4185658	1698,331817	2507,295732	3769,236408	1040,091828	2059,257702	2847,220029	4156,838933	300,1611193	1439,238037	2317,122703	3549,049114	0,676086883	0,41787994	0,358751158	0,362275391
953836	K18-2001-Niedzica-748712-765721-tYch - segmenty.txt	10,708858	informator	a	10,770171	K18-2001-Niedzica	K18-2001-Niedzica-748712-765721-tYch	793,357197	1674,39613	2647,098459	3903,388826	1040,091828	2059,257702	2847,220029	4156,838933	300,1611193	1439,238037	2317,122703	3549,049114	0,666543599	0,379275218	0,622481456	0,582997117
1539203	K18-2001-Niedzica-276630-284600-tÉż,Jak,czy Jak,jÁ,gÁdką,sObą,gÁdały,gadaŁy - segmenty.txt	5,993918	informator	a	6,036933	K18-2001-Niedzica	K18-2001-Niedzica-276630-284600-tÉż,Jak,czy Jak,jÁ,gÁdką,sObą,gÁdały,gadaŁy	772,9156289	1756,459041	2766,413896	3996,914075	1040,091828	2059,257702	2847,220029	4156,838933	300,1611193	1439,238037	2317,122703	3549,049114	0,638917271	0,511630552	0,847563591	0,736874735
1539219	K18-2001-Niedzica-268726-275660-bAbkA,trOszeczke,AlE,zA,dUżo,A,gÓtkA,gAdA,wszYstkich,pO - segmenty.txt	0,560372	informator	a	0,633491	K18-2001-Niedzica	K18-2001-Niedzica-268726-275660-bAbkA,trOszeczke,AlE,zA,dUżo,A,gÓtkA,gAdA,wszYstkich,pO	769,5012383	1738,492581	2599,308597	3986,890868	1040,091828	2059,257702	2847,220029	4156,838933	300,1611193	1439,238037	2317,122703	3549,049114	0,634302798	0,482653311	0,532328461	0,720383496
	K18-2001-Niedzica-376740-384920-ktO,kUpOwać,brAtA,hEt,gAzdÓwkA - segmenty.txt	4,667499	informator	a	4,744676	K18-2001-Niedzica	K18-2001-Niedzica-376740-384920-ktO,kUpOwać,brAtA,hEt,gAzdÓwkA	761,566467	1793,173019	2646,240592	3986,803164	1040,091828	2059,257702	2847,220029	4156,838933	300,1611193	1439,238037	2317,122703	3549,049114	0,62357913	0,570844768	0,620863138	0,720239196
1539448	K18-2001-Niedzica-376740-384920-ktO,kUpOwać,brAtA,hEt,gAzdÓwkA - segmenty.txt	3,265497	informator	a	3,322608	K18-2001-Niedzica	K18-2001-Niedzica-376740-384920-ktO,kUpOwać,brAtA,hEt,gAzdÓwkA	757,498528	1611,249881	2581,366567	3743,445287	1040,091828	2059,257702	2847,220029	4156,838933	300,1611193	1439,238037	2317,122703	3549,049114	0,6180814	0,277429659	0,49848179	0,319841115
	K18-2001-Niedzica-792180-798101-tAk,kOpalI,przychodzIlI - segmenty.txt	0,722807	informator	a	0,763029	K18-2001-Niedzica	K18-2001-Niedzica-792180-798101-tAk,kOpalI,przychodzIlI	756,7474728	1750,360094	2625,092429	3862,026879	1040,091828	2059,257702	2847,220029	4156,838933	300,1611193	1439,238037	2317,122703	3549,049114	0,617066366	0,501793854	0,580968268	0,514944073
	K18-2001-Niedzica-653720-661325-wtEdy,tÉż,bAbka,zOstaje,zostaJe - segmenty.txt	5,082614	informator	a	5,154102	K18-2001-Niedzica	K18-2001-Niedzica-653720-661325-wtEdy,tÉż,bAbka,zOstaje,zostaJe	755,3916586	1762,118093	2623,298634	3879,791004	1040,091828	2059,257702	2847,220029	4156,838933	300,1611193	1439,238037	2317,122703	3549,049114	0,615234013	0,520757766	0,577584372	0,544171488
1539448	K18-2001-Niedzica-268726-275660-bAbkA,trOszeczke,AlE,zA,dUżo,A,gÓtkA,gAdA,wszYstkich,pO - segmenty.txt	6,309284	informator	o	6,349845	K18-2001-Niedzica	K18-2001-Niedzica-268726-275660-bAbkA,trOszeczke,AlE,zA,dUżo,A,gÓtkA,gAdA,wszYstkich,pO	750,7220815	1577,653395	2551,73286	3870,978473	1040,091828	2059,257702	2847,220029	4156,838933	300,1611193	1439,238037	2317,122703	3549,049114	0,608923183	0,223243496	0,442579401	0,529672181
1539203	K18-2001-Niedzica-268726-275660-bAbkA,trOszeczke,AlE,zA,dUżo,A,gÓtkA,gAdA,wszYstkich,pO - segmenty.txt	2,307653	informator	e	2,351202	K18-2001-Niedzica	K18-2001-Niedzica-268726-275660-bAbkA,trOszeczke,AlE,zA,dUżo,A,gÓtkA,gAdA,wszYstkich,pO	734,3354653	1800,645905	2598,194478	3914,197696	1040,091828	2059,257702	2847,220029	4156,838933	300,1611193	1439,238037	2317,122703	3549,049114	0,586777033	0,582897428	0,530226735	0,600781012
1539348	K18-2001-Niedzica-523981-530200-tÉgo,środEk,dziadEk,zAczął,tOpić,skOczyli,rAtOwali - segmenty.txt	3,256614	informator	a	3,318557	K18-2001-Niedzica	K18-2001-Niedzica-523981-530200-tÉgo,środEk,dziadEk,zAczął,tOpić,skOczyli,rAtOwali	699,8977339	1629,885503	2590,551259	3754,933866	1040,091828	2059,257702	2847,220029	4156,838933	300,1611193	1439,238037	2317,122703	3549,049114	0,5402352	0,30748616	0,515808216	0,338743338
954195	K18-2001-Niedzica-213300-218680-tÉż,maŁy,to Jest,chŁopak,chłopAk,tAk,gÁda - segmenty.txt	1,843419	informator	a	1,898239	K18-2001-Niedzica	K18-2001-Niedzica-213300-218680-tÉż,maŁy,to Jest,chŁopak,chłopAk,tAk,gÁda	688,6214953	1703,626171	2606,077639	3887,084958	1040,091828	2059,257702	2847,220029	4156,838933	300,1611193	1439,238037	2317,122703	3549,049114	0,524995613	0,426418949	0,545097893	0,556172271
953836	K18-2001-Niedzica-213300-218680-tÉż,maŁy,to Jest,chŁopak,chłopAk,tAk,gÁda - segmenty.txt	3,382342	informator	a	3,428025	K18-2001-Niedzica	K18-2001-Niedzica-213300-218680-tÉż,maŁy,to Jest,chŁopak,chłopAk,tAk,gÁda	679,6223018	1655,310141	2560,930795	3959,008772	1040,091828	2059,257702	2847,220029	4156,838933	300,1611193	1439,238037	2317,122703	3549,049114	0,512833402	0,34849234	0,45993081	0,674508927
1539237	K18-2001-Niedzica-571230-575980-Otworzyła,tAta,ścigÁł - segmenty.txt	1,246625	informator	a	1,289648	K18-2001-Niedzica	K18-2001-Niedzica-571230-575980-Otworzyła,tAta,ścigÁł	677,2014859	1712,594175	2583,738816	3895,496154	1040,091828	2059,257702	2847,220029	4156,838933	300,1611193	1439,238037	2317,122703	3549,049114	0,509561723	0,440883013	0,502956909	0,570011259
1539464	M12-1998-Niedzica-143087-147560-tÉż,I,wYchodzi,psA,tO,byŁo - segmenty.txt	2,601077	informator	a	2,678919	M12-1998-Niedzica	M12-1998-Niedzica-143087-147560-tÉż,I,wYchodzi,psA,tO,byŁo	673,5264448	1618,138888	2508,102176	3877,586183	673,5264448	1873,379099	2723,93923	3941,107855	315,2764516	1095,343429	1974,231627	3559,011345	1	0,67194279	0,712105022	0,833754901
954721	K18-2001-Niedzica-376740-384920-ktO,kUpOwać,brAtA,hEt,gAzdÓwkA - segmenty.txt	4,191851	informator	a	4,267228	K18-2001-Niedzica	K18-2001-Niedzica-376740-384920-ktO,kUpOwać,brAtA,hEt,gAzdÓwkA	669,9667318	1655,411032	2568,571089	3845,450708	1040,091828	2059,257702	2847,220029	4156,838933	300,1611193	1439,238037	2317,122703	3549,049114	0,499784112	0,348655063	0,474343812	0,487671207
954538	M12-1998-Niedzica-148792-160010-zA,pAs,byŁo,bEz,pŁot,skÁkać,braŁo,chUdY - segmenty.txt	1,592982	informator	a	1,665523	M12-1998-Niedzica	M12-1998-Niedzica-148792-160010-zA,pAs,byŁo,bEz,pŁot,skÁkać,braŁo,chUdY	667,8594018	1358,171531	2357,113688	3737,614783	673,5264448	1873,379099	2723,93923	3941,107855	315,2764516	1095,343429	1974,231627	3559,011345	0,984181317	0,337809836	0,510708521	0,467430175
954027	M12-1998-Niedzica-244941-256010-tO,byŁ,wYkOpYwany,bO,tO,byŁ,dAwno - segmenty.txt	2,17176	eksplorator	a	2,242774	M12-1998-Niedzica	M12-1998-Niedzica-244941-256010-tO,byŁ,wYkOpYwany,bO,tO,byŁ,dAwno	661,0884081	1533,424255	2431,20198	3809,956344	673,5264448	1873,379099	2723,93923	3941,107855	315,2764516	1095,343429	1974,231627	3559,011345	0,965281125	0,563060079	0,609531438	0,656758154
1024523	M12-1998-Niedzica-244941-256010-tO,byŁ,wYkOpYwany,bO,tO,byŁ,dAwno - segmenty.txt	1,090968	eksplorator	a	1,208978	M12-1998-Niedzica	M12-1998-Niedzica-244941-256010-tO,byŁ,wYkOpYwany,bO,tO,byŁ,dAwno	655,4860353	1400,20048	2332,700216	3709,051365	673,5264448	1873,379099	2723,93923	3941,107855	315,2764516	1095,343429	1974,231627	3559,011345	0,949642959	0,391829145	0,478144529	0,392675714
954027	K18-2001-Niedzica-482690-496790-OpOwiadała,żE,pOtem,krOwY,Od,dziadkÓw,dOstała,dOpłakano,krOwy,pOtraciły - segmenty.txt	3,232619	informator	o	3,278514	K18-2001-Niedzica	K18-2001-Niedzica-482690-496790-OpOwiadała,żE,pOtem,krOwY,Od,dziadkÓw,dOstała,dOpłakano,krOwy,pOtraciły	654,0494546	1673,403869	2622,99185	3889,1166	1040,091828	2059,257702	2847,220029	4156,838933	300,1611193	1439,238037	2317,122703	3549,049114	0,478272264	0,377674846	0,57700564	0,559514944
954796	K18-2001-Niedzica-523981-530200-tÉgo,środEk,dziadEk,zAczął,tOpić,skOczyli,rAtOwali - segmenty.txt	5,514627	informator	a	5,59613	K18-2001-Niedzica	K18-2001-Niedzica-523981-530200-tÉgo,środEk,dziadEk,zAczął,tOpić,skOczyli,rAtOwali	648,1825286	1770,232603	2605,207263	3946,787925	1040,091828	2059,257702	2847,220029	4156,838933	300,1611193	1439,238037	2317,122703	3549,049114	0,470343243	0,533845271	0,543455976	0,654401898
954144	K18-2001-Niedzica-268726-275660-bAbkA,trOszeczke,AlE,zA,dUżo,A,gÓtkA,gAdA,wszYstkich,pO - segmenty.txt	3,130775	informator	o	3,181149	K18-2001-Niedzica	K18-2001-Niedzica-268726-275660-bAbkA,trOszeczke,AlE,zA,dUżo,A,gÓtkA,gAdA,wszYstkich,pO	645,8618853	1682,906124	2607,91579	3940,862004	1040,091828	2059,257702	2847,220029	4156,838933	300,1611193	1439,238037	2317,122703	3549,049114	0,467206945	0,393000579	0,548565466	0,644651947
	M12-1998-Niedzica-148792-160010-zA,pAs,byŁo,bEz,pŁot,skÁkać,braŁo,chUdY - segmenty.txt	1,778686	informator	a	1,828739	M12-1998-Niedzica	M12-1998-Niedzica-148792-160010-zA,pAs,byŁo,bEz,pŁot,skÁkać,braŁo,chUdY	643,2662775	1403,747571	2502,091279	3805,402399	673,5264448	1873,379099	2723,93923	3941,107855	315,2764516	1095,343429	1974,231627	3559,011345	0,915533377	0,396388178	0,704087366	0,644839844
1539348	M12-1998-Niedzica-226250-241410-neJI,tÉż,rÓżne,zEspoŁy,byŁy,JakbY,odgrYwaŁo - segmenty.txt	10,260168	informator	a	10,316665	M12-1998-Niedzica	M12-1998-Niedzica-226250-241410-neJI,tÉż,rÓżne,zEspoŁy,byŁy,JakbY,odgrYwaŁo	638,9212083	1578,510745	2540,617719	3755,617955	673,5264448	1873,379099	2723,93923	3941,107855	315,2764516	1095,343429	1974,231627	3559,011345	0,903404781	0,62100921	0,755475988	0,514546993
	K18-2001-Niedzica-482690-496790-OpOwiadała,żE,pOtem,krOwY,Od,dziadkÓw,dOstała,dOpłakano,krOwy,pOtraciły - segmenty.txt	7,757436	informator	ł	7,825281	K18-2001-Niedzica	K18-2001-Niedzica-482690-496790-OpOwiadała,żE,pOtem,krOwY,Od,dziadkÓw,dOstała,dOpłakano,krOwy,pOtraciły	627,2819018	1732,406075	2788,219383	3926,838709	1040,091828	2059,257702	2847,220029	4156,838933	300,1611193	1439,238037	2317,122703	3549,049114	0,442096508	0,472836676	0,888698465	0,621579341
954195	K18-2001-Niedzica-482690-496790-OpOwiadała,żE,pOtem,krOwY,Od,dziadkÓw,dOstała,dOpłakano,krOwy,pOtraciły - segmenty.txt	0,079761	informator	o	0,109693	K18-2001-Niedzica	K18-2001-Niedzica-482690-496790-OpOwiadała,żE,pOtem,krOwY,Od,dziadkÓw,dOstała,dOpłakano,krOwy,pOtraciły	626,1994532	1707,134251	2764,531286	3881,521442	1040,091828	2059,257702	2847,220029	4156,838933	300,1611193	1439,238037	2317,122703	3549,049114	0,440633603	0,432076964	0,844012149	0,547018588
	M12-1998-Niedzica-68700-78600-tÉż,przyzwYczaJenia,pOcIsną,bO,tO,praktYcznie,wszYscy,gÁdaJą - segmenty.txt	8,652723	informator	a	8,714113	M12-1998-Niedzica	M12-1998-Niedzica-68700-78600-tÉż,przyzwYczaJenia,pOcIsną,bO,tO,praktYcznie,wszYscy,gÁdaJą	620,5997156	1561,53676	2321,800768	3789,537692	673,5264448	1873,379099	2723,93923	3941,107855	315,2764516	1095,343429	1974,231627	3559,011345	0,85226314	0,599192748	0,463606264	0,603319688
1539219	K18-2001-Niedzica-213300-218680-tÉż,maŁy,to Jest,chŁopak,chłopAk,tAk,gÁda - segmenty.txt	1,558451	informator	ł	1,617992	K18-2001-Niedzica	K18-2001-Niedzica-213300-218680-tÉż,maŁy,to Jest,chŁopak,chłopAk,tAk,gÁda	618,3596124	1580,044273	2527,171384	3896,893917	1040,091828	2059,257702	2847,220029	4156,838933	300,1611193	1439,238037	2317,122703	3549,049114	0,430038231	0,227099629	0,396245503	0,572311008
1539448	K18-2001-Niedzica-482690-496790-OpOwiadała,żE,pOtem,krOwY,Od,dziadkÓw,dOstała,dOpłakano,krOwy,pOtraciły - segmenty.txt	0,990686	informator	e	1,101434	K18-2001-Niedzica	K18-2001-Niedzica-482690-496790-OpOwiadała,żE,pOtem,krOwY,Od,dziadkÓw,dOstała,dOpłakano,krOwy,pOtraciły	614,0542228	1806,439287	2650,099227	3954,648005	1040,091828	2059,257702	2847,220029	4156,838933	300,1611193	1439,238037	2317,122703	3549,049114	0,424219592	0,592241296	0,628142245	0,667334132
954195	K18-2001-Niedzica-112570-126110-bUtY,wIgoń - segmenty.txt	3,048111	informator	o	3,124121	K18-2001-Niedzica	K18-2001-Niedzica-112570-126110-bUtY,wIgoń	607,6577059	1690,195062	2534,542555	3797,245994	1040,091828	2059,257702	2847,220029	4156,838933	300,1611193	1439,238037	2317,122703	3549,049114	0,415574841	0,404756557	0,410150819	0,40835972
	K18-2001-Niedzica-482690-496790-OpOwiadała,żE,pOtem,krOwY,Od,dziadkÓw,dOstała,dOpłakano,krOwy,pOtraciły - segmenty.txt	7,962945	informator	j	8,026799	K18-2001-Niedzica	K18-2001-Niedzica-482690-496790-OpOwiadała,żE,pOtem,krOwY,Od,dziadkÓw,dOstała,dOpłakano,krOwy,pOtraciły	589,3500267	1939,47826	2774,749944	4156,838933	1040,091828	2059,257702	2847,220029	4156,838933	300,1611193	1439,238037	2317,122703	3549,049114	0,390832417	0,806813479	0,863289094	1
	K18-2001-Niedzica-268726-275660-bAbkA,trOszeczke,AlE,zA,dUżo,A,gÓtkA,gAdA,wszYstkich,pO - segmenty.txt	2,79882	informator	a	2,866831	K18-2001-Niedzica	K18-2001-Niedzica-268726-275660-bAbkA,trOszeczke,AlE,zA,dUżo,A,gÓtkA,gAdA,wszYstkich,pO	585,6679605	1671,094869	2573,770203	3927,103566	1040,091828	2059,257702	2847,220029	4156,838933	300,1611193	1439,238037	2317,122703	3549,049114	0,385856186	0,373950771	0,484151659	0,622015112
1539219	M12-1998-Niedzica-148792-160010-zA,pAs,byŁo,bEz,pŁot,skÁkać,braŁo,chUdY - segmenty.txt	5,376254	informator	ł	5,416473	M12-1998-Niedzica	M12-1998-Niedzica-148792-160010-zA,pAs,byŁo,bEz,pŁot,skÁkać,braŁo,chUdY	585,127424	1567,119206	2644,542477	3840,810103	673,5264448	1873,379099	2723,93923	3941,107855	315,2764516	1095,343429	1974,231627	3559,011345	0,753247669	0,606367799	0,894096375	0,737506759
953713	K18-2001-Niedzica-571230-575980-Otworzyła,tAta,ścigÁł - segmenty.txt	0,338752	informator	o	0,416477	K18-2001-Niedzica	K18-2001-Niedzica-571230-575980-Otworzyła,tAta,ścigÁł	579,8687279	1612,569503	2604,469332	3848,252735	1040,091828	2059,257702	2847,220029	4156,838933	300,1611193	1439,238037	2317,122703	3549,049114	0,378018651	0,279558014	0,54206391	0,492281398
954144	K18-2001-Niedzica-376740-384920-ktO,kUpOwać,brAtA,hEt,gAzdÓwkA - segmenty.txt	3,522979	informator	e	3,560438	K18-2001-Niedzica	K18-2001-Niedzica-376740-384920-ktO,kUpOwać,brAtA,hEt,gAzdÓwkA	579,164637	1690,24476	2625,602099	3969,48667	1040,091828	2059,257702	2847,220029	4156,838933	300,1611193	1439,238037	2317,122703	3549,049114	0,377067088	0,404836712	0,581929734	0,69174827
954398	M12-1998-Niedzica-68700-78600-tÉż,przyzwYczaJenia,pOcIsną,bO,tO,praktYcznie,wszYscy,gÁdaJą - segmenty.txt	9,019486	informator	j	9,063386	M12-1998-Niedzica	M12-1998-Niedzica-68700-78600-tÉż,przyzwYczaJenia,pOcIsną,bO,tO,praktYcznie,wszYscy,gÁdaJą	573,0715203	1401,70523	2209,323241	3682,876943	673,5264448	1873,379099	2723,93923	3941,107855	315,2764516	1095,343429	1974,231627	3559,011345	0,71959546	0,393763182	0,313577737	0,324173593
1539219	K18-2001-Niedzica-112570-126110-bUtY,wIgoń - segmenty.txt	5,723536	informator	o	5,843618	K18-2001-Niedzica	K18-2001-Niedzica-112570-126110-bUtY,wIgoń	571,2254412	1802,922293	2637,497627	3871,073355	1040,091828	2059,257702	2847,220029	4156,838933	300,1611193	1439,238037	2317,122703	3549,049114	0,36633744	0,586568905	0,604370005	0,529828291
954538	K18-2001-Niedzica-482690-496790-OpOwiadała,żE,pOtem,krOwY,Od,dziadkÓw,dOstała,dOpłakano,krOwy,pOtraciły - segmenty.txt	12,664535	informator	o	12,720408	K18-2001-Niedzica	K18-2001-Niedzica-482690-496790-OpOwiadała,żE,pOtem,krOwY,Od,dziadkÓw,dOstała,dOpłakano,krOwy,pOtraciły	569,127826	1538,908711	2317,122703	3700,869622	1040,091828	2059,257702	2847,220029	4156,838933	300,1611193	1439,238037	2317,122703	3549,049114	0,36350256	0,160754052	0	0,249791135
	M12-1998-Niedzica-89656-92480-gŁównie,tO,wŁaśnie,kolegÓw,tO,niedzicY - segmenty.txt	0,844015	informator	ł	0,873856	M12-1998-Niedzica	M12-1998-Niedzica-89656-92480-gŁównie,tO,wŁaśnie,kolegÓw,tO,niedzicY	567,6899386	1525,1564	2471,549737	3851,648648	673,5264448	1873,379099	2723,93923	3941,107855	315,2764516	1095,343429	1974,231627	3559,011345	0,704573599	0,552433503	0,663349428	0,765872745
1539448	M12-1998-Niedzica-226250-241410-neJI,tÉż,rÓżne,zEspoŁy,byŁy,JakbY,odgrYwaŁo - segmenty.txt	13,603768	informator	ł	13,645247	M12-1998-Niedzica	M12-1998-Niedzica-226250-241410-neJI,tÉż,rÓżne,zEspoŁy,byŁy,JakbY,odgrYwaŁo	564,2716028	1095,343429	1974,231627	3699,755647	673,5264448	1873,379099	2723,93923	3941,107855	315,2764516	1095,343429	1974,231627	3559,011345	0,695031838	0	0	0,368347519
954796	K18-2001-Niedzica-112570-126110-bUtY,wIgoń - segmenty.txt	3,844555	informator	o	3,941003	K18-2001-Niedzica	K18-2001-Niedzica-112570-126110-bUtY,wIgoń	560,6117696	1771,571324	2561,59327	3938,051987	1040,091828	2059,257702	2847,220029	4156,838933	300,1611193	1439,238037	2317,122703	3549,049114	0,351993298	0,53600443	0,461180532	0,64002861
	M12-1998-Niedzica-89656-92480-gŁównie,tO,wŁaśnie,kolegÓw,tO,niedzicY - segmenty.txt	0,595687	informator	e	0,625195	M12-1998-Niedzica	M12-1998-Niedzica-89656-92480-gŁównie,tO,wŁaśnie,kolegÓw,tO,niedzicY	554,5372136	1604,177119	2626,116193	3724,094915	673,5264448	1873,379099	2723,93923	3941,107855	315,2764516	1095,343429	1974,231627	3559,011345	0,667859781	0,653997894	0,869518414	0,432046789
	K18-2001-Niedzica-653720-661325-wtEdy,tÉż,bAbka,zOstaje,zostaJe - segmenty.txt	5,761167	informator	j	5,831484	K18-2001-Niedzica	K18-2001-Niedzica-653720-661325-wtEdy,tÉż,bAbka,zOstaje,zostaJe	553,0285015	1797,955978	2645,275535	3880,856766	1040,091828	2059,257702	2847,220029	4156,838933	300,1611193	1439,238037	2317,122703	3549,049114	0,341744679	0,578558974	0,619042609	0,545924993
1539140	K18-2001-Niedzica-482690-496790-OpOwiadała,żE,pOtem,krOwY,Od,dziadkÓw,dOstała,dOpłakano,krOwy,pOtraciły - segmenty.txt	6,59676	informator	o	6,653507	K18-2001-Niedzica	K18-2001-Niedzica-482690-496790-OpOwiadała,żE,pOtem,krOwY,Od,dziadkÓw,dOstała,dOpłakano,krOwy,pOtraciły	551,4373515	1564,500727	2538,023665	3816,196288	1040,091828	2059,257702	2847,220029	4156,838933	300,1611193	1439,238037	2317,122703	3549,049114	0,339594274	0,202030189	0,416717744	0,439538746
1539237	K18-2001-Niedzica-523981-530200-tÉgo,środEk,dziadEk,zAczął,tOpić,skOczyli,rAtOwali - segmenty.txt	2,819333	informator	e	2,868236	K18-2001-Niedzica	K18-2001-Niedzica-523981-530200-tÉgo,środEk,dziadEk,zAczął,tOpić,skOczyli,rAtOwali	549,9795914	1681,100613	2602,57326	3908,68148	1040,091828	2059,257702	2847,220029	4156,838933	300,1611193	1439,238037	2317,122703	3549,049114	0,337624144	0,390088557	0,538487071	0,59170515
953846	M12-1998-Niedzica-148792-160010-zA,pAs,byŁo,bEz,pŁot,skÁkać,braŁo,chUdY - segmenty.txt	3,590938	informator	a	3,701011	M12-1998-Niedzica	M12-1998-Niedzica-148792-160010-zA,pAs,byŁo,bEz,pŁot,skÁkać,braŁo,chUdY	547,0257701	1712,075611	2626,211195	3830,271437	673,5264448	1873,379099	2723,93923	3941,107855	315,2764516	1095,343429	1974,231627	3559,011345	0,646892737	0,792678544	0,869645133	0,709925594
1024523	K18-2001-Niedzica-276630-284600-tÉż,Jak,czy Jak,jÁ,gÁdką,sObą,gÁdały,gadaŁy - segmenty.txt	6,268791	informator	o	6,340475	K18-2001-Niedzica	K18-2001-Niedzica-276630-284600-tÉż,Jak,czy Jak,jÁ,gÁdką,sObą,gÁdały,gadaŁy	546,2835226	1590,176486	2601,602076	3863,095442	1040,091828	2059,257702	2847,220029	4156,838933	300,1611193	1439,238037	2317,122703	3549,049114	0,332628989	0,24344139	0,536654986	0,516702187
1539203	K18-2001-Niedzica-268726-275660-bAbkA,trOszeczke,AlE,zA,dUżo,A,gÓtkA,gAdA,wszYstkich,pO - segmenty.txt	5,400326	informator	o	5,443735	K18-2001-Niedzica	K18-2001-Niedzica-268726-275660-bAbkA,trOszeczke,AlE,zA,dUżo,A,gÓtkA,gAdA,wszYstkich,pO	545,7171589	1741,945375	2686,54679	3957,370336	1040,091828	2059,257702	2847,220029	4156,838933	300,1611193	1439,238037	2317,122703	3549,049114	0,33186356	0,488222157	0,696898605	0,671813198
954721	K18-2001-Niedzica-482690-496790-OpOwiadała,żE,pOtem,krOwY,Od,dziadkÓw,dOstała,dOpłakano,krOwy,pOtraciły - segmenty.txt	13,194328	informator	o	13,230247	K18-2001-Niedzica	K18-2001-Niedzica-482690-496790-OpOwiadała,żE,pOtem,krOwY,Od,dziadkÓw,dOstała,dOpłakano,krOwy,pOtraciły	540,9002392	1811,955286	2519,971026	3741,93241	1040,091828	2059,257702	2847,220029	4156,838933	300,1611193	1439,238037	2317,122703	3549,049114	0,3253536	0,601137787	0,382662414	0,31735197
953846	K18-2001-Niedzica-653720-661325-wtEdy,tÉż,bAbka,zOstaje,zostaJe - segmenty.txt	0,532288	informator	e	0,618378	K18-2001-Niedzica	K18-2001-Niedzica-653720-661325-wtEdy,tÉż,bAbka,zOstaje,zostaJe	540,4636257	1753,992781	2606,881705	4004,28859	1040,091828	2059,257702	2847,220029	4156,838933	300,1611193	1439,238037	2317,122703	3549,049114	0,324763527	0,50765284	0,546614721	0,749008065
1024523	K18-2001-Niedzica-448233-457670-bAbka,dÁwniej,chodzIlI - segmenty.txt	2,71821	informator	o	2,810954	K18-2001-Niedzica	K18-2001-Niedzica-448233-457670-bAbka,dÁwniej,chodzIlI	539,6338371	1706,176336	2567,084917	3798,055222	1040,091828	2059,257702	2847,220029	4156,838933	300,1611193	1439,238037	2317,122703	3549,049114	0,323642086	0,430531988	0,471540229	0,409691148
953846	M12-1998-Niedzica-28595-38710-chOdzą,gŁównie,tO,gÓrAlE,spiszÁki - segmenty.txt	1,908769	informator	o	2,016352	M12-1998-Niedzica	M12-1998-Niedzica-28595-38710-chOdzą,gŁównie,tO,gÓrAlE,spiszÁki	535,6542629	1398,532382	2529,92354	3791,063358	673,5264448	1873,379099	2723,93923	3941,107855	315,2764516	1095,343429	1974,231627	3559,011345	0,615150916	0,389685158	0,741211522	0,60731257
954796	M12-1998-Niedzica-28595-38710-chOdzą,gŁównie,tO,gÓrAlE,spiszÁki - segmenty.txt	0,266548	informator	o	0,383585	M12-1998-Niedzica	M12-1998-Niedzica-28595-38710-chOdzą,gŁównie,tO,gÓrAlE,spiszÁki	534,8731508	1518,440113	2512,06882	3778,77797	673,5264448	1873,379099	2723,93923	3941,107855	315,2764516	1095,343429	1974,231627	3559,011345	0,612970561	0,54380114	0,717395943	0,575159989
	M12-1998-Niedzica-148792-160010-zA,pAs,byŁo,bEz,pŁot,skÁkać,braŁo,chUdY - segmenty.txt	2,966326	informator	e	3,034018	M12-1998-Niedzica	M12-1998-Niedzica-148792-160010-zA,pAs,byŁo,bEz,pŁot,skÁkać,braŁo,chUdY	533,0089956	1873,379099	2633,220722	3825,314341	673,5264448	1873,379099	2723,93923	3941,107855	315,2764516	1095,343429	1974,231627	3559,011345	0,607767057	1	0,878994814	0,696952182
	K18-2001-Niedzica-523981-530200-tÉgo,środEk,dziadEk,zAczął,tOpić,skOczyli,rAtOwali - segmenty.txt	1,225529	informator	e	1,290222	K18-2001-Niedzica	K18-2001-Niedzica-523981-530200-tÉgo,środEk,dziadEk,zAczął,tOpić,skOczyli,rAtOwali	531,8479451	1721,992335	2570,70755	3891,170113	1040,091828	2059,257702	2847,220029	4156,838933	300,1611193	1439,238037	2317,122703	3549,049114	0,313119625	0,456040855	0,47837413	0,5628936
953713	K18-2001-Niedzica-523981-530200-tÉgo,środEk,dziadEk,zAczął,tOpić,skOczyli,rAtOwali - segmenty.txt	3,584708	informator	o	3,645835	K18-2001-Niedzica	K18-2001-Niedzica-523981-530200-tÉgo,środEk,dziadEk,zAczął,tOpić,skOczyli,rAtOwali	531,4646775	1657,791601	2582,080917	3913,648338	1040,091828	2059,257702	2847,220029	4156,838933	300,1611193	1439,238037	2317,122703	3549,049114	0,312601647	0,352494569	0,499829372	0,599877151
954027	M12-1998-Niedzica-89656-92480-gŁównie,tO,wŁaśnie,kolegÓw,tO,niedzicY - segmenty.txt	1,325686	informator	e	1,39496	M12-1998-Niedzica	M12-1998-Niedzica-89656-92480-gŁównie,tO,wŁaśnie,kolegÓw,tO,niedzicY	523,4207339	1469,392574	2396,220871	3721,427469	673,5264448	1873,379099	2723,93923	3941,107855	315,2764516	1095,343429	1974,231627	3559,011345	0,581002893	0,480760921	0,562871768	0,425065708
954144	K18-2001-Niedzica-276630-284600-tÉż,Jak,czy Jak,jÁ,gÁdką,sObą,gÁdały,gadaŁy - segmenty.txt	6,523158	informator	ł	6,587826	K18-2001-Niedzica	K18-2001-Niedzica-276630-284600-tÉż,Jak,czy Jak,jÁ,gÁdką,sObą,gÁdały,gadaŁy	521,29333	1679,116228	2658,890077	3850,565553	1040,091828	2059,257702	2847,220029	4156,838933	300,1611193	1439,238037	2317,122703	3549,049114	0,298855296	0,386888037	0,644725708	0,496086689
953846	K18-2001-Niedzica-213300-218680-tÉż,maŁy,to Jest,chŁopak,chłopAk,tAk,gÁda - segmenty.txt	0,46388	informator	j	0,568444	K18-2001-Niedzica	K18-2001-Niedzica-213300-218680-tÉż,maŁy,to Jest,chŁopak,chłopAk,tAk,gÁda	518,7245638	1762,572346	2651,047446	4033,56481	1040,091828	2059,257702	2847,220029	4156,838933	300,1611193	1439,238037	2317,122703	3549,049114	0,295383665	0,521490409	0,629931007	0,797176394
	M12-1998-Niedzica-68700-78600-tÉż,przyzwYczaJenia,pOcIsną,bO,tO,praktYcznie,wszYscy,gÁdaJą - segmenty.txt	8,785042	informator	o	8,864435	M12-1998-Niedzica	M12-1998-Niedzica-68700-78600-tÉż,przyzwYczaJenia,pOcIsną,bO,tO,praktYcznie,wszYscy,gÁdaJą	518,2560774	1588,67297	2474,563822	3705,544661	673,5264448	1873,379099	2723,93923	3941,107855	315,2764516	1095,343429	1974,231627	3559,011345	0,566586545	0,634070596	0,667369776	0,38349818
1024523	K18-2001-Niedzica-482690-496790-OpOwiadała,żE,pOtem,krOwY,Od,dziadkÓw,dOstała,dOpłakano,krOwy,pOtraciły - segmenty.txt	9,632115	informator	o	9,692609	K18-2001-Niedzica	K18-2001-Niedzica-482690-496790-OpOwiadała,żE,pOtem,krOwY,Od,dziadkÓw,dOstała,dOpłakano,krOwy,pOtraciły	516,9657428	1439,238037	2503,812419	3813,479876	1040,091828	2059,257702	2847,220029	4156,838933	300,1611193	1439,238037	2317,122703	3549,049114	0,293006657	0	0,352180074	0,435069417
1024523	M12-1998-Niedzica-96520-107070-rÓżnie,Ugadujemy,pOgÁdamy,U - segmenty.txt	7,241188	informator	o	7,29855	M12-1998-Niedzica	M12-1998-Niedzica-96520-107070-rÓżnie,Ugadujemy,pOgÁdamy,U	516,2849469	1615,546332	2624,679791	3819,719689	673,5264448	1873,379099	2723,93923	3941,107855	315,2764516	1095,343429	1974,231627	3559,011345	0,561084436	0,668610609	0,867602464	0,682310196
	M12-1998-Niedzica-96520-107070-rÓżnie,Ugadujemy,pOgÁdamy,U - segmenty.txt	7,0923	informator	o	7,13957	M12-1998-Niedzica	M12-1998-Niedzica-96520-107070-rÓżnie,Ugadujemy,pOgÁdamy,U	515,1147323	1232,425539	2133,505347	3738,941332	673,5264448	1873,379099	2723,93923	3941,107855	315,2764516	1095,343429	1974,231627	3559,011345	0,557817961	0,176190007	0,212447786	0,470901938
954027	M12-1998-Niedzica-89656-92480-gŁównie,tO,wŁaśnie,kolegÓw,tO,niedzicY - segmenty.txt	1,646247	informator	o	1,675605	M12-1998-Niedzica	M12-1998-Niedzica-89656-92480-gŁównie,tO,wŁaśnie,kolegÓw,tO,niedzicY	514,3266616	1288,473371	2331,279492	3751,869026	673,5264448	1873,379099	2723,93923	3941,107855	315,2764516	1095,343429	1974,231627	3559,011345	0,555618182	0,248227619	0,476249492	0,504735521
954195	K18-2001-Niedzica-482690-496790-OpOwiadała,żE,pOtem,krOwY,Od,dziadkÓw,dOstała,dOpłakano,krOwy,pOtraciły - segmenty.txt	1,259273	informator	o	1,297187	K18-2001-Niedzica	K18-2001-Niedzica-482690-496790-OpOwiadała,żE,pOtem,krOwY,Od,dziadkÓw,dOstała,dOpłakano,krOwy,pOtraciły	511,7630586	1760,194499	2609,986904	3950,878355	1040,091828	2059,257702	2847,220029	4156,838933	300,1611193	1439,238037	2317,122703	3549,049114	0,285975344	0,517655294	0,552472511	0,661131905
953713	M12-1998-Niedzica-89656-92480-gŁównie,tO,wŁaśnie,kolegÓw,tO,niedzicY - segmenty.txt	1,237229	informator	o	1,280925	M12-1998-Niedzica	M12-1998-Niedzica-89656-92480-gŁównie,tO,wŁaśnie,kolegÓw,tO,niedzicY	506,1192539	1549,03323	2418,905867	3669,147868	673,5264448	1873,379099	2723,93923	3941,107855	315,2764516	1095,343429	1974,231627	3559,011345	0,53270846	0,583122109	0,593130226	0,288242683
1539464	K18-2001-Niedzica-482690-496790-OpOwiadała,żE,pOtem,krOwY,Od,dziadkÓw,dOstała,dOpłakano,krOwy,pOtraciły - segmenty.txt	7,348368	informator	o	7,430181	K18-2001-Niedzica	K18-2001-Niedzica-482690-496790-OpOwiadała,żE,pOtem,krOwY,Od,dziadkÓw,dOstała,dOpłakano,krOwy,pOtraciły	505,3102629	1786,667118	2731,434033	3987,217123	1040,091828	2059,257702	2847,220029	4156,838933	300,1611193	1439,238037	2317,122703	3549,049114	0,277254534	0,560351712	0,781575966	0,720920285
953846	M12-1998-Niedzica-68700-78600-tÉż,przyzwYczaJenia,pOcIsną,bO,tO,praktYcznie,wszYscy,gÁdaJą - segmenty.txt	4,040626	informator	o	4,115361	M12-1998-Niedzica	M12-1998-Niedzica-68700-78600-tÉż,przyzwYczaJenia,pOcIsną,bO,tO,praktYcznie,wszYscy,gÁdaJą	502,4089977	1776,321211	2634,654636	3800,211335	673,5264448	1873,379099	2723,93923	3941,107855	315,2764516	1095,343429	1974,231627	3559,011345	0,522351848	0,87525265	0,880907445	0,631254104
953905	K18-2001-Niedzica-376740-384920-ktO,kUpOwać,brAtA,hEt,gAzdÓwkA - segmenty.txt	4,397382	informator	oo	4,432111	K18-2001-Niedzica	K18-2001-Niedzica-376740-384920-ktO,kUpOwać,brAtA,hEt,gAzdÓwkA	501,3887986	1606,587922	2591,768058	3792,158693	1040,091828	2059,257702	2847,220029	4156,838933	300,1611193	1439,238037	2317,122703	3549,049114	0,271954761	0,269910608	0,518103642	0,399989555
954027	K18-2001-Niedzica-213300-218680-tÉż,maŁy,to Jest,chŁopak,chłopAk,tAk,gÁda - segmenty.txt	4,700032	informator	e	4,740912	K18-2001-Niedzica	K18-2001-Niedzica-213300-218680-tÉż,maŁy,to Jest,chŁopak,chłopAk,tAk,gÁda	496,0003103	1765,931043	2548,856912	3940,387064	1040,091828	2059,257702	2847,220029	4156,838933	300,1611193	1439,238037	2317,122703	3549,049114	0,264672338	0,526907491	0,43715408	0,643870526
953846	K18-2001-Niedzica-112570-126110-bUtY,wIgoń - segmenty.txt	4,299275	informator	o	4,389337	K18-2001-Niedzica	K18-2001-Niedzica-112570-126110-bUtY,wIgoń	495,0363463	1550,094424	2530,869041	3836,733714	1040,091828	2059,257702	2847,220029	4156,838933	300,1611193	1439,238037	2317,122703	3549,049114	0,263369562	0,178794953	0,403220932	0,473329088
953713	M12-1998-Niedzica-244941-256010-tO,byŁ,wYkOpYwany,bO,tO,byŁ,dAwno - segmenty.txt	1,855326	eksplorator	o	1,899188	M12-1998-Niedzica	M12-1998-Niedzica-244941-256010-tO,byŁ,wYkOpYwany,bO,tO,byŁ,dAwno	492,1608123	1375,368873	2561,682698	3796,603535	673,5264448	1873,379099	2723,93923	3941,107855	315,2764516	1095,343429	1974,231627	3559,011345	0,493745608	0,359913375	0,78357358	0,621811988
	M12-1998-Niedzica-28595-38710-chOdzą,gŁównie,tO,gÓrAlE,spiszÁki - segmenty.txt	5,780826	informator	o	5,855263	M12-1998-Niedzica	M12-1998-Niedzica-28595-38710-chOdzą,gŁównie,tO,gÓrAlE,spiszÁki	490,7700579	1802,341967	2723,93923	3902,417486	673,5264448	1873,379099	2723,93923	3941,107855	315,2764516	1095,343429	1974,231627	3559,011345	0,48986353	0,908696818	1	0,898741893
953565	K18-2001-Niedzica-276630-284600-tÉż,Jak,czy Jak,jÁ,gÁdką,sObą,gÁdały,gadaŁy - segmenty.txt	5,637795	informator	o	5,697951	K18-2001-Niedzica	K18-2001-Niedzica-276630-284600-tÉż,Jak,czy Jak,jÁ,gÁdką,sObą,gÁdały,gadaŁy	489,2091463	1799,480741	2551,445787	3853,752415	1040,091828	2059,257702	2847,220029	4156,838933	300,1611193	1439,238037	2317,122703	3549,049114	0,25549423	0,581018191	0,442037854	0,501330052
1539203	K18-2001-Niedzica-653720-661325-wtEdy,tÉż,bAbka,zOstaje,zostaJe - segmenty.txt	5,444026	informator	o	5,49654	K18-2001-Niedzica	K18-2001-Niedzica-653720-661325-wtEdy,tÉż,bAbka,zOstaje,zostaJe	488,8201427	1741,418301	2699,575936	3979,85887	1040,091828	2059,257702	2847,220029	4156,838933	300,1611193	1439,238037	2317,122703	3549,049114	0,254968501	0,487372065	0,721477385	0,708813709
953846	K18-2001-Niedzica-112570-126110-bUtY,wIgoń - segmenty.txt	0,934542	informator	y	0,971111	K18-2001-Niedzica	K18-2001-Niedzica-112570-126110-bUtY,wIgoń	485,5385098	1790,323919	2733,479261	4013,952005	1040,091828	2059,257702	2847,220029	4156,838933	300,1611193	1439,238037	2317,122703	3549,049114	0,250533446	0,566249592	0,785434178	0,764907336
	M12-1998-Niedzica-28595-38710-chOdzą,gŁównie,tO,gÓrAlE,spiszÁki - segmenty.txt	1,394662	informator	o	1,435018	M12-1998-Niedzica	M12-1998-Niedzica-28595-38710-chOdzą,gŁównie,tO,gÓrAlE,spiszÁki	483,7026684	1443,873485	2443,41517	3785,629299	673,5264448	1873,379099	2723,93923	3941,107855	315,2764516	1095,343429	1974,231627	3559,011345	0,470135995	0,447961539	0,625822042	0,593090876
	K18-2001-Niedzica-482690-496790-OpOwiadała,żE,pOtem,krOwY,Od,dziadkÓw,dOstała,dOpłakano,krOwy,pOtraciły - segmenty.txt	4,742996	informator	o	4,783903	K18-2001-Niedzica	K18-2001-Niedzica-482690-496790-OpOwiadała,żE,pOtem,krOwY,Od,dziadkÓw,dOstała,dOpłakano,krOwy,pOtraciły	482,4578957	1795,709531	2578,583939	3786,235928	1040,091828	2059,257702	2847,220029	4156,838933	300,1611193	1439,238037	2317,122703	3549,049114	0,246370064	0,574935787	0,493232512	0,390244796
1539348	K18-2001-Niedzica-268726-275660-bAbkA,trOszeczke,AlE,zA,dUżo,A,gÓtkA,gAdA,wszYstkich,pO - segmenty.txt	5,509399	informator	o	5,571505	K18-2001-Niedzica	K18-2001-Niedzica-268726-275660-bAbkA,trOszeczke,AlE,zA,dUżo,A,gÓtkA,gAdA,wszYstkich,pO	481,2104639	1786,315517	2616,107455	3950,309154	1040,091828	2059,257702	2847,220029	4156,838933	300,1611193	1439,238037	2317,122703	3549,049114	0,244684188	0,559784632	0,564018601	0,660195396
	K18-2001-Niedzica-268726-275660-bAbkA,trOszeczke,AlE,zA,dUżo,A,gÓtkA,gAdA,wszYstkich,pO - segmenty.txt	1,309626	informator	o	1,33514	K18-2001-Niedzica	K18-2001-Niedzica-268726-275660-bAbkA,trOszeczke,AlE,zA,dUżo,A,gÓtkA,gAdA,wszYstkich,pO	479,55987	1687,504302	2538,050807	3788,296412	1040,091828	2059,257702	2847,220029	4156,838933	300,1611193	1439,238037	2317,122703	3549,049114	0,242453447	0,40041676	0,416768945	0,393634923
1539140	M12-1998-Niedzica-148792-160010-zA,pAs,byŁo,bEz,pŁot,skÁkać,braŁo,chUdY - segmenty.txt	3,452932	informator	o	3,495987	M12-1998-Niedzica	M12-1998-Niedzica-148792-160010-zA,pAs,byŁo,bEz,pŁot,skÁkać,braŁo,chUdY	477,2108978	1629,066804	2493,791028	3818,431407	673,5264448	1873,379099	2723,93923	3941,107855	315,2764516	1095,343429	1974,231627	3559,011345	0,452015211	0,685988311	0,693016049	0,678938581
953846	K18-2001-Niedzica-213300-218680-tÉż,maŁy,to Jest,chŁopak,chłopAk,tAk,gÁda - segmenty.txt	4,759823	informator	o	4,823833	K18-2001-Niedzica	K18-2001-Niedzica-213300-218680-tÉż,maŁy,to Jest,chŁopak,chłopAk,tAk,gÁda	476,1141351	1789,879159	2570,657293	3774,174204	1040,091828	2059,257702	2847,220029	4156,838933	300,1611193	1439,238037	2317,122703	3549,049114	0,237796612	0,565532259	0,478279323	0,370399574
953565	K18-2001-Niedzica-523981-530200-tÉgo,środEk,dziadEk,zAczął,tOpić,skOczyli,rAtOwali - segmenty.txt	1,061504	informator	o	1,128256	K18-2001-Niedzica	K18-2001-Niedzica-523981-530200-tÉgo,środEk,dziadEk,zAczął,tOpić,skOczyli,rAtOwali	473,1476471	1719,445029	2521,683542	3894,163908	1040,091828	2059,257702	2847,220029	4156,838933	300,1611193	1439,238037	2317,122703	3549,049114	0,233787469	0,451932428	0,385892984	0,567819308
	K18-2001-Niedzica-523981-530200-tÉgo,środEk,dziadEk,zAczął,tOpić,skOczyli,rAtOwali - segmenty.txt	5,050591	informator	o	5,096233	K18-2001-Niedzica	K18-2001-Niedzica-523981-530200-tÉgo,środEk,dziadEk,zAczął,tOpić,skOczyli,rAtOwali	469,3120324	1743,052173	2604,098173	3886,904579	1040,091828	2059,257702	2847,220029	4156,838933	300,1611193	1439,238037	2317,122703	3549,049114	0,228603721	0,490007259	0,541363738	0,555875492
953713	M12-1998-Niedzica-226250-241410-neJI,tÉż,rÓżne,zEspoŁy,byŁy,JakbY,odgrYwaŁo - segmenty.txt	8,769166	informator	j	8,85856	M12-1998-Niedzica	M12-1998-Niedzica-226250-241410-neJI,tÉż,rÓżne,zEspoŁy,byŁy,JakbY,odgrYwaŁo	468,3369228	1609,805054	2520,914172	3746,085952	673,5264448	1873,379099	2723,93923	3941,107855	315,2764516	1095,343429	1974,231627	3559,011345	0,427244869	0,661231413	0,729194345	0,489600408
	M12-1998-Niedzica-28595-38710-chOdzą,gŁównie,tO,gÓrAlE,spiszÁki - segmenty.txt	1,805225	informator	oo	1,872881	M12-1998-Niedzica	M12-1998-Niedzica-28595-38710-chOdzą,gŁównie,tO,gÓrAlE,spiszÁki	464,5807505	1418,388251	2552,421688	3863,775091	673,5264448	1873,379099	2723,93923	3941,107855	315,2764516	1095,343429	1974,231627	3559,011345	0,416760089	0,415205671	0,771220751	0,797609344
1539203	K18-2001-Niedzica-276630-284600-tÉż,Jak,czy Jak,jÁ,gÁdką,sObą,gÁdały,gadaŁy - segmenty.txt	4,358091	informator	oo	4,405056	K18-2001-Niedzica	K18-2001-Niedzica-276630-284600-tÉż,Jak,czy Jak,jÁ,gÁdką,sObą,gÁdały,gadaŁy	461,2204731	1506,607259	2490,854087	3749,928069	1040,091828	2059,257702	2847,220029	4156,838933	300,1611193	1439,238037	2317,122703	3549,049114	0,217668157	0,108656589	0,327734881	0,330507273
954398	M12-1998-Niedzica-68700-78600-tÉż,przyzwYczaJenia,pOcIsną,bO,tO,praktYcznie,wszYscy,gÁdaJą - segmenty.txt	6,506382	informator	o	6,545305	M12-1998-Niedzica	M12-1998-Niedzica-68700-78600-tÉż,przyzwYczaJenia,pOcIsną,bO,tO,praktYcznie,wszYscy,gÁdaJą	458,8816893	1515,165675	2497,7403	3683,226073	673,5264448	1873,379099	2723,93923	3941,107855	315,2764516	1095,343429	1974,231627	3559,011345	0,400852032	0,539592544	0,698283799	0,325087313
1539203	K18-2001-Niedzica-213300-218680-tÉż,maŁy,to Jest,chŁopak,chłopAk,tAk,gÁda - segmenty.txt	4,977432	informator	o	5,017511	K18-2001-Niedzica	K18-2001-Niedzica-213300-218680-tÉż,maŁy,to Jest,chŁopak,chłopAk,tAk,gÁda	456,50717	1834,876655	2741,202755	3891,460165	1040,091828	2059,257702	2847,220029	4156,838933	300,1611193	1439,238037	2317,122703	3549,049114	0,211298232	0,638106564	0,800004133	0,563370824
	M12-1998-Niedzica-244941-256010-tO,byŁ,wYkOpYwany,bO,tO,byŁ,dAwno - segmenty.txt	10,175109	eksplorator	o	10,221059	M12-1998-Niedzica	M12-1998-Niedzica-244941-256010-tO,byŁ,wYkOpYwany,bO,tO,byŁ,dAwno	456,1071524	1480,824145	2468,536311	3688,300709	673,5264448	1873,379099	2723,93923	3941,107855	315,2764516	1095,343429	1974,231627	3559,011345	0,393107337	0,495453784	0,65932996	0,338368347
	K18-2001-Niedzica-571230-575980-Otworzyła,tAta,ścigÁł - segmenty.txt	4,067778	informator	o	4,174624	K18-2001-Niedzica	K18-2001-Niedzica-571230-575980-Otworzyła,tAta,ścigÁł	452,8596815	1715,372169	2552,06576	3883,227148	1040,091828	2059,257702	2847,220029	4156,838933	300,1611193	1439,238037	2317,122703	3549,049114	0,206368732	0,445363507	0,443207399	0,549824995
953836	M12-1998-Niedzica-244941-256010-tO,byŁ,wYkOpYwany,bO,tO,byŁ,dAwno - segmenty.txt	1,685194	eksplorator	y	1,716525	M12-1998-Niedzica	M12-1998-Niedzica-244941-256010-tO,byŁ,wYkOpYwany,bO,tO,byŁ,dAwno	446,8766554	1370,485973	2360,394798	3750,677285	673,5264448	1873,379099	2723,93923	3941,107855	315,2764516	1095,343429	1974,231627	3559,011345	0,367341818	0,353637442	0,515085041	0,501616569
1539464	K18-2001-Niedzica-112570-126110-bUtY,wIgoń - segmenty.txt	12,867107	informator	u	12,904201	K18-2001-Niedzica	K18-2001-Niedzica-112570-126110-bUtY,wIgoń	444,2393287	1654,985686	2446,785805	3549,049114	1040,091828	2059,257702	2847,220029	4156,838933	300,1611193	1439,238037	2317,122703	3549,049114	0,194718516	0,347969043	0,244602445	0
953836	K18-2001-Niedzica-268726-275660-bAbkA,trOszeczke,AlE,zA,dUżo,A,gÓtkA,gAdA,wszYstkich,pO - segmenty.txt	3,998063	informator	oo	4,061429	K18-2001-Niedzica	K18-2001-Niedzica-268726-275660-bAbkA,trOszeczke,AlE,zA,dUżo,A,gÓtkA,gAdA,wszYstkich,pO	444,2335849	1742,326075	2600,264527	3892,387798	1040,091828	2059,257702	2847,220029	4156,838933	300,1611193	1439,238037	2317,122703	3549,049114	0,194710753	0,48883617	0,534131772	0,564897064
1539140	K18-2001-Niedzica-792180-798101-tAk,kOpalI,przychodzIlI - segmenty.txt	1,243352	informator	o	1,279104	K18-2001-Niedzica	K18-2001-Niedzica-792180-798101-tAk,kOpalI,przychodzIlI	443,147201	1705,934938	2571,983429	3880,417609	1040,091828	2059,257702	2847,220029	4156,838933	300,1611193	1439,238037	2317,122703	3549,049114	0,193242529	0,430142649	0,480781007	0,545202445
953565	K18-2001-Niedzica-482690-496790-OpOwiadała,żE,pOtem,krOwY,Od,dziadkÓw,dOstała,dOpłakano,krOwy,pOtraciły - segmenty.txt	4,533564	informator	y	4,581455	K18-2001-Niedzica	K18-2001-Niedzica-482690-496790-OpOwiadała,żE,pOtem,krOwY,Od,dziadkÓw,dOstała,dOpłakano,krOwy,pOtraciły	443,0703218	1646,920562	2616,290479	3925,000609	1040,091828	2059,257702	2847,220029	4156,838933	300,1611193	1439,238037	2317,122703	3549,049114	0,193138629	0,334961191	0,564363864	0,618555106
1024523	K18-2001-Niedzica-748712-765721-tYch - segmenty.txt	10,910597	informator	o	10,934331	K18-2001-Niedzica	K18-2001-Niedzica-748712-765721-tYch	439,4652403	1582,867055	2847,220029	3930,687269	1040,091828	2059,257702	2847,220029	4156,838933	300,1611193	1439,238037	2317,122703	3549,049114	0,188266441	0,231652359	1	0,627911398
1024523	M12-1998-Niedzica-68700-78600-tÉż,przyzwYczaJenia,pOcIsną,bO,tO,praktYcznie,wszYscy,gÁdaJą - segmenty.txt	7,256572	informator	y	7,305875	M12-1998-Niedzica	M12-1998-Niedzica-68700-78600-tÉż,przyzwYczaJenia,pOcIsną,bO,tO,praktYcznie,wszYscy,gÁdaJą	438,7575538	1625,435504	2634,943458	3822,4921	673,5264448	1873,379099	2723,93923	3941,107855	315,2764516	1095,343429	1974,231627	3559,011345	0,344678589	0,681321044	0,881292691	0,689565981
1539140	M12-1998-Niedzica-226250-241410-neJI,tÉż,rÓżne,zEspoŁy,byŁy,JakbY,odgrYwaŁo - segmenty.txt	7,063714	informator	o	7,090175	M12-1998-Niedzica	M12-1998-Niedzica-226250-241410-neJI,tÉż,rÓżne,zEspoŁy,byŁy,JakbY,odgrYwaŁo	436,1216734	1315,177677	2119,696413	3745,938651	673,5264448	1873,379099	2723,93923	3941,107855	315,2764516	1095,343429	1974,231627	3559,011345	0,337320933	0,282550346	0,194028693	0,489214901
954195	K18-2001-Niedzica-276630-284600-tÉż,Jak,czy Jak,jÁ,gÁdką,sObą,gÁdały,gadaŁy - segmenty.txt	3,68263	informator	o	3,750306	K18-2001-Niedzica	K18-2001-Niedzica-276630-284600-tÉż,Jak,czy Jak,jÁ,gÁdką,sObą,gÁdały,gadaŁy	435,4286002	1792,829828	2683,964445	3922,218074	1040,091828	2059,257702	2847,220029	4156,838933	300,1611193	1439,238037	2317,122703	3549,049114	0,182811011	0,570291252	0,692027151	0,613976985
	M12-1998-Niedzica-28595-38710-chOdzą,gŁównie,tO,gÓrAlE,spiszÁki - segmenty.txt	5,572782	informator	i	5,644357	M12-1998-Niedzica	M12-1998-Niedzica-28595-38710-chOdzą,gŁównie,tO,gÓrAlE,spiszÁki	435,3879046	1771,162012	2595,788625	3851,218308	673,5264448	1873,379099	2723,93923	3941,107855	315,2764516	1095,343429	1974,231627	3559,011345	0,33527273	0,868621593	0,829065885	0,764746485
	M12-1998-Niedzica-68700-78600-tÉż,przyzwYczaJenia,pOcIsną,bO,tO,praktYcznie,wszYscy,gÁdaJą - segmenty.txt	6,670845	informator	o	6,812267	M12-1998-Niedzica	M12-1998-Niedzica-68700-78600-tÉż,przyzwYczaJenia,pOcIsną,bO,tO,praktYcznie,wszYscy,gÁdaJą	430,7955813	1442,030886	2358,002436	3784,296661	673,5264448	1873,379099	2723,93923	3941,107855	315,2764516	1095,343429	1974,231627	3559,011345	0,322453962	0,445593268	0,511893981	0,589603177
954195	M12-1998-Niedzica-143087-147560-tÉż,I,wYchodzi,psA,tO,byŁo - segmenty.txt	3,30793	informator	o	3,36342	M12-1998-Niedzica	M12-1998-Niedzica-143087-147560-tÉż,I,wYchodzi,psA,tO,byŁo	430,7936689	1611,196976	2440,92191	3805,286952	673,5264448	1873,379099	2723,93923	3941,107855	315,2764516	1095,343429	1974,231627	3559,011345	0,322448624	0,663020433	0,622496399	0,644537704
953836	K18-2001-Niedzica-276630-284600-tÉż,Jak,czy Jak,jÁ,gÁdką,sObą,gÁdały,gadaŁy - segmenty.txt	0,923193	informator	j	0,950381	K18-2001-Niedzica	K18-2001-Niedzica-276630-284600-tÉż,Jak,czy Jak,jÁ,gÁdką,sObą,gÁdały,gadaŁy	430,4313778	1746,888816	2644,62859	4004,096351	1040,091828	2059,257702	2847,220029	4156,838933	300,1611193	1439,238037	2317,122703	3549,049114	0,176057375	0,496195195	0,617822182	0,748691774
1024523	K18-2001-Niedzica-295760-304520-trYbszA,tYle,zamkU - segmenty.txt	0,692118	informator	y	0,784967	K18-2001-Niedzica	K18-2001-Niedzica-295760-304520-trYbszA,tYle,zamkU	430,3526567	1757,21661	2613,550764	3884,845165	1040,091828	2059,257702	2847,220029	4156,838933	300,1611193	1439,238037	2317,122703	3549,049114	0,175950986	0,5128524	0,559195541	0,552487127
1539140	M12-1998-Niedzica-226250-241410-neJI,tÉż,rÓżne,zEspoŁy,byŁy,JakbY,odgrYwaŁo - segmenty.txt	9,120307	informator	y	9,233302	M12-1998-Niedzica	M12-1998-Niedzica-226250-241410-neJI,tÉż,rÓżne,zEspoŁy,byŁy,JakbY,odgrYwaŁo	427,7104343	1354,297701	2250,676355	3559,011345	673,5264448	1873,379099	2723,93923	3941,107855	315,2764516	1095,343429	1974,231627	3559,011345	0,313842247	0,332830849	0,368736727	0
953836	M12-1998-Niedzica-89656-92480-gŁównie,tO,wŁaśnie,kolegÓw,tO,niedzicY - segmenty.txt	1,469155	informator	oo	1,511171	M12-1998-Niedzica	M12-1998-Niedzica-89656-92480-gŁównie,tO,wŁaśnie,kolegÓw,tO,niedzicY	425,4744247	1536,648866	2375,442006	3670,592282	673,5264448	1873,379099	2723,93923	3941,107855	315,2764516	1095,343429	1974,231627	3559,011345	0,307600768	0,567204634	0,535155809	0,292022916
953836	M12-1998-Niedzica-68700-78600-tÉż,przyzwYczaJenia,pOcIsną,bO,tO,praktYcznie,wszYscy,gÁdaJą - segmenty.txt	2,830346	informator	j	2,906938	M12-1998-Niedzica	M12-1998-Niedzica-68700-78600-tÉż,przyzwYczaJenia,pOcIsną,bO,tO,praktYcznie,wszYscy,gÁdaJą	424,7393417	1661,16985	2502,851406	3671,461912	673,5264448	1873,379099	2723,93923	3941,107855	315,2764516	1095,343429	1974,231627	3559,011345	0,305548897	0,727249974	0,705101264	0,294298859
	M12-1998-Niedzica-244941-256010-tO,byŁ,wYkOpYwany,bO,tO,byŁ,dAwno - segmenty.txt	0,764091	eksplorator	o	0,820485	M12-1998-Niedzica	M12-1998-Niedzica-244941-256010-tO,byŁ,wYkOpYwany,bO,tO,byŁ,dAwno	422,2163421	1540,385705	2534,6017	3649,770728	673,5264448	1873,379099	2723,93923	3941,107855	315,2764516	1095,343429	1974,231627	3559,011345	0,29850633	0,572007549	0,747451501	0,237529996
	K18-2001-Niedzica-482690-496790-OpOwiadała,żE,pOtem,krOwY,Od,dziadkÓw,dOstała,dOpłakano,krOwy,pOtraciły - segmenty.txt	7,159422	informator	o	7,212235	K18-2001-Niedzica	K18-2001-Niedzica-482690-496790-OpOwiadała,żE,pOtem,krOwY,Od,dziadkÓw,dOstała,dOpłakano,krOwy,pOtraciły	422,1005344	1842,604305	2840,634474	3933,068074	1040,091828	2059,257702	2847,220029	4156,838933	300,1611193	1439,238037	2317,122703	3549,049114	0,164798425	0,650570121	0,987576706	0,631828551
954195	M12-1998-Niedzica-143087-147560-tÉż,I,wYchodzi,psA,tO,byŁo - segmenty.txt	1,482	informator	i	1,528422	M12-1998-Niedzica	M12-1998-Niedzica-143087-147560-tÉż,I,wYchodzi,psA,tO,byŁo	420,8645764	1532,131036	2371,537877	3693,55037	673,5264448	1873,379099	2723,93923	3941,107855	315,2764516	1095,343429	1974,231627	3559,011345	0,294733083	0,561397921	0,529948274	0,352107444
954538	M12-1998-Niedzica-226250-241410-neJI,tÉż,rÓżne,zEspoŁy,byŁy,JakbY,odgrYwaŁo - segmenty.txt	13,436629	informator	y	13,470242	M12-1998-Niedzica	M12-1998-Niedzica-226250-241410-neJI,tÉż,rÓżne,zEspoŁy,byŁy,JakbY,odgrYwaŁo	419,9181842	1665,54658	2460,196813	3807,664102	673,5264448	1873,379099	2723,93923	3941,107855	315,2764516	1095,343429	1974,231627	3559,011345	0,292091374	0,732875334	0,648206293	0,650759037
1539203	K18-2001-Niedzica-112570-126110-bUtY,wIgoń - segmenty.txt	0,724696	informator	u	0,784886	K18-2001-Niedzica	K18-2001-Niedzica-112570-126110-bUtY,wIgoń	419,510547	1751,247071	2602,623799	3862,540039	1040,091828	2059,257702	2847,220029	4156,838933	300,1611193	1439,238037	2317,122703	3549,049114	0,161298114	0,503224417	0,538582411	0,515788379
	K18-2001-Niedzica-482690-496790-OpOwiadała,żE,pOtem,krOwY,Od,dziadkÓw,dOstała,dOpłakano,krOwy,pOtraciły - segmenty.txt	0,247462	informator	o	0,296268	K18-2001-Niedzica	K18-2001-Niedzica-482690-496790-OpOwiadała,żE,pOtem,krOwY,Od,dziadkÓw,dOstała,dOpłakano,krOwy,pOtraciły	419,3354454	1670,92023	2676,786514	3872,42413	1040,091828	2059,257702	2847,220029	4156,838933	300,1611193	1439,238037	2317,122703	3549,049114	0,161061468	0,373669104	0,678486371	0,532050729
954538	M12-1998-Niedzica-148792-160010-zA,pAs,byŁo,bEz,pŁot,skÁkać,braŁo,chUdY - segmenty.txt	3,204625	informator	ł	3,231085	M12-1998-Niedzica	M12-1998-Niedzica-148792-160010-zA,pAs,byŁo,bEz,pŁot,skÁkać,braŁo,chUdY	418,4245863	1535,384163	2507,713889	3684,14431	673,5264448	1873,379099	2723,93923	3941,107855	315,2764516	1095,343429	1974,231627	3559,011345	0,287922224	0,565579126	0,711587104	0,327490467
	M12-1998-Niedzica-244941-256010-tO,byŁ,wYkOpYwany,bO,tO,byŁ,dAwno - segmenty.txt	2,013021	eksplorator	y	2,063149	M12-1998-Niedzica	M12-1998-Niedzica-244941-256010-tO,byŁ,wYkOpYwany,bO,tO,byŁ,dAwno	417,8661579	1450,887841	2421,453224	3776,886457	673,5264448	1873,379099	2723,93923	3941,107855	315,2764516	1095,343429	1974,231627	3559,011345	0,286363456	0,456977007	0,596528026	0,570209638
	M12-1998-Niedzica-68700-78600-tÉż,przyzwYczaJenia,pOcIsną,bO,tO,praktYcznie,wszYscy,gÁdaJą - segmenty.txt	1,589473	informator	y	1,661944	M12-1998-Niedzica	M12-1998-Niedzica-68700-78600-tÉż,przyzwYczaJenia,pOcIsną,bO,tO,praktYcznie,wszYscy,gÁdaJą	417,5357873	1380,188151	2365,545698	3743,872029	673,5264448	1873,379099	2723,93923	3941,107855	315,2764516	1095,343429	1974,231627	3559,011345	0,285441278	0,366107536	0,521955586	0,483806263
954195	K18-2001-Niedzica-748712-765721-tYch - segmenty.txt	11,05399	informator	y	11,104425	K18-2001-Niedzica	K18-2001-Niedzica-748712-765721-tYch	411,8302973	1738,887646	2625,526935	3967,712099	1040,091828	2059,257702	2847,220029	4156,838933	300,1611193	1439,238037	2317,122703	3549,049114	0,150918426	0,483290492	0,581787941	0,68882856
	M12-1998-Niedzica-68700-78600-tÉż,przyzwYczaJenia,pOcIsną,bO,tO,praktYcznie,wszYscy,gÁdaJą - segmenty.txt	2,491039	informator	y	2,564345	M12-1998-Niedzica	M12-1998-Niedzica-68700-78600-tÉż,przyzwYczaJenia,pOcIsną,bO,tO,praktYcznie,wszYscy,gÁdaJą	411,7503114	1630,514164	2617,653252	3924,713587	673,5264448	1873,379099	2723,93923	3941,107855	315,2764516	1095,343429	1974,231627	3559,011345	0,269292007	0,687848586	0,858230092	0,957093908
	K18-2001-Niedzica-276630-284600-tÉż,Jak,czy Jak,jÁ,gÁdką,sObą,gÁdały,gadaŁy - segmenty.txt	0,459458	informator	y	0,543995	K18-2001-Niedzica	K18-2001-Niedzica-276630-284600-tÉż,Jak,czy Jak,jÁ,gÁdką,sObą,gÁdały,gadaŁy	410,2306827	1746,940536	2645,285483	4025,463437	1040,091828	2059,257702	2847,220029	4156,838933	300,1611193	1439,238037	2317,122703	3549,049114	0,148756582	0,496278612	0,619061375	0,783847159
	M12-1998-Niedzica-68700-78600-tÉż,przyzwYczaJenia,pOcIsną,bO,tO,praktYcznie,wszYscy,gÁdaJą - segmenty.txt	2,357721	informator	y	2,396951	M12-1998-Niedzica	M12-1998-Niedzica-68700-78600-tÉż,przyzwYczaJenia,pOcIsną,bO,tO,praktYcznie,wszYscy,gÁdaJą	408,3033451	1538,234331	2461,316018	3780,558801	673,5264448	1873,379099	2723,93923	3941,107855	315,2764516	1095,343429	1974,231627	3559,011345	0,259670329	0,569242412	0,649699148	0,579820675
1539140	M12-1998-Niedzica-244941-256010-tO,byŁ,wYkOpYwany,bO,tO,byŁ,dAwno - segmenty.txt	6,73199	eksplorator	ł	6,777941	M12-1998-Niedzica	M12-1998-Niedzica-244941-256010-tO,byŁ,wYkOpYwany,bO,tO,byŁ,dAwno	404,773628	1448,309129	2375,774136	3830,967014	673,5264448	1873,379099	2723,93923	3941,107855	315,2764516	1095,343429	1974,231627	3559,011345	0,249817664	0,453662619	0,535598823	0,711746017
1539219	K18-2001-Niedzica-653720-661325-wtEdy,tÉż,bAbka,zOstaje,zostaJe - segmenty.txt	0,861359	informator	y	0,936049	K18-2001-Niedzica	K18-2001-Niedzica-653720-661325-wtEdy,tÉż,bAbka,zOstaje,zostaJe	403,8594679	1736,850219	2561,228455	3842,282306	1040,091828	2059,257702	2847,220029	4156,838933	300,1611193	1439,238037	2317,122703	3549,049114	0,140146026	0,480004423	0,460492328	0,482458217
	M12-1998-Niedzica-226250-241410-neJI,tÉż,rÓżne,zEspoŁy,byŁy,JakbY,odgrYwaŁo - segmenty.txt	3,615526	informator	j	3,697054	M12-1998-Niedzica	M12-1998-Niedzica-226250-241410-neJI,tÉż,rÓżne,zEspoŁy,byŁy,JakbY,odgrYwaŁo	403,4920328	1739,582197	2643,014195	3838,739587	673,5264448	1873,379099	2723,93923	3941,107855	315,2764516	1095,343429	1974,231627	3559,011345	0,246240287	0,828032432	0,89205787	0,732087927
	K18-2001-Niedzica-792180-798101-tAk,kOpalI,przychodzIlI - segmenty.txt	5,244001	informator	i	5,335616	K18-2001-Niedzica	K18-2001-Niedzica-792180-798101-tAk,kOpalI,przychodzIlI	397,7206517	1746,561499	2533,306731	3861,804072	1040,091828	2059,257702	2847,220029	4156,838933	300,1611193	1439,238037	2317,122703	3549,049114	0,131849552	0,495667282	0,407819503	0,514577488
	K18-2001-Niedzica-523981-530200-tÉgo,środEk,dziadEk,zAczął,tOpić,skOczyli,rAtOwali - segmenty.txt	1,420325	informator	y	1,452672	K18-2001-Niedzica	K18-2001-Niedzica-523981-530200-tÉgo,środEk,dziadEk,zAczął,tOpić,skOczyli,rAtOwali	397,4025246	1668,091011	2536,878222	3981,513518	1040,091828	2059,257702	2847,220029	4156,838933	300,1611193	1439,238037	2317,122703	3549,049114	0,13141961	0,369105992	0,414556927	0,711536112
1539203	M12-1998-Niedzica-226250-241410-neJI,tÉż,rÓżne,zEspoŁy,byŁy,JakbY,odgrYwaŁo - segmenty.txt	6,567429	informator	oo	6,636084	M12-1998-Niedzica	M12-1998-Niedzica-226250-241410-neJI,tÉż,rÓżne,zEspoŁy,byŁy,JakbY,odgrYwaŁo	393,8621279	1484,681147	2438,423737	3620,983462	673,5264448	1873,379099	2723,93923	3941,107855	315,2764516	1095,343429	1974,231627	3559,011345	0,219359882	0,500411142	0,619164202	0,162189695
954721	K18-2001-Niedzica-482690-496790-OpOwiadała,żE,pOtem,krOwY,Od,dziadkÓw,dOstała,dOpłakano,krOwy,pOtraciły - segmenty.txt	5,226894	informator	ł	5,29873	K18-2001-Niedzica	K18-2001-Niedzica-482690-496790-OpOwiadała,żE,pOtem,krOwY,Od,dziadkÓw,dOstała,dOpłakano,krOwy,pOtraciły	393,3831799	1726,52872	2556,522777	3855,895462	1040,091828	2059,257702	2847,220029	4156,838933	300,1611193	1439,238037	2317,122703	3549,049114	0,125987555	0,463357373	0,451615321	0,504856019
1539203	M12-1998-Niedzica-28595-38710-chOdzą,gŁównie,tO,gÓrAlE,spiszÁki - segmenty.txt	0,996801	informator	oo	1,089278	M12-1998-Niedzica	M12-1998-Niedzica-28595-38710-chOdzą,gŁównie,tO,gÓrAlE,spiszÁki	393,2953618	1371,528172	2352,378005	3709,785866	673,5264448	1873,379099	2723,93923	3941,107855	315,2764516	1095,343429	1974,231627	3559,011345	0,217777842	0,354976968	0,504391815	0,394598007
954195	M12-1998-Niedzica-68700-78600-tÉż,przyzwYczaJenia,pOcIsną,bO,tO,praktYcznie,wszYscy,gÁdaJą - segmenty.txt	4,231048	informator	i	4,282236	M12-1998-Niedzica	M12-1998-Niedzica-68700-78600-tÉż,przyzwYczaJenia,pOcIsną,bO,tO,praktYcznie,wszYscy,gÁdaJą	393,110579	1753,84638	2603,811848	3822,01641	673,5264448	1873,379099	2723,93923	3941,107855	315,2764516	1095,343429	1974,231627	3559,011345	0,217262049	0,846366017	0,839767688	0,688321036
1539219	M12-1998-Niedzica-89656-92480-gŁównie,tO,wŁaśnie,kolegÓw,tO,niedzicY - segmenty.txt	0,38361	informator	oo	0,443292	M12-1998-Niedzica	M12-1998-Niedzica-89656-92480-gŁównie,tO,wŁaśnie,kolegÓw,tO,niedzicY	386,9169853	1400,254911	2489,63797	3800,919035	673,5264448	1873,379099	2723,93923	3941,107855	315,2764516	1095,343429	1974,231627	3559,011345	0,19997358	0,391899104	0,687476479	0,633106254
	K18-2001-Niedzica-448233-457670-bAbka,dÁwniej,chodzIlI - segmenty.txt	3,698168	informator	i	3,756932	K18-2001-Niedzica	K18-2001-Niedzica-448233-457670-bAbka,dÁwniej,chodzIlI	386,8323514	1831,254708	2670,474513	3941,333862	1040,091828	2059,257702	2847,220029	4156,838933	300,1611193	1439,238037	2317,122703	3549,049114	0,117134255	0,632264899	0,666579122	0,645428298
1539348	M12-1998-Niedzica-96520-107070-rÓżnie,Ugadujemy,pOgÁdamy,U - segmenty.txt	0,544511	informator	oo	0,615732	M12-1998-Niedzica	M12-1998-Niedzica-96520-107070-rÓżnie,Ugadujemy,pOgÁdamy,U	384,5527654	1540,278162	2520,576574	3745,968936	673,5264448	1873,379099	2723,93923	3941,107855	315,2764516	1095,343429	1974,231627	3559,011345	0,193374222	0,571869324	0,72874404	0,489294161
	M12-1998-Niedzica-148792-160010-zA,pAs,byŁo,bEz,pŁot,skÁkać,braŁo,chUdY - segmenty.txt	7,507282	informator	y	7,64413	M12-1998-Niedzica	M12-1998-Niedzica-148792-160010-zA,pAs,byŁo,bEz,pŁot,skÁkać,braŁo,chUdY	380,6920683	1727,669817	2568,159624	3834,783061	673,5264448	1873,379099	2723,93923	3941,107855	315,2764516	1095,343429	1974,231627	3559,011345	0,182597677	0,812721592	0,792212851	0,721733147
954195	M12-1998-Niedzica-28595-38710-chOdzą,gŁównie,tO,gÓrAlE,spiszÁki - segmenty.txt	7,993633	informator	u	8,076741	M12-1998-Niedzica	M12-1998-Niedzica-28595-38710-chOdzą,gŁównie,tO,gÓrAlE,spiszÁki	379,4443972	1677,134455	2675,303829	3941,107855	673,5264448	1873,379099	2723,93923	3941,107855	315,2764516	1095,343429	1974,231627	3559,011345	0,179114995	0,747769092	0,935127507	1
1539448	K18-2001-Niedzica-213300-218680-tÉż,maŁy,to Jest,chŁopak,chłopAk,tAk,gÁda - segmenty.txt	3,215783	informator	y	3,262482	K18-2001-Niedzica	K18-2001-Niedzica-213300-218680-tÉż,maŁy,to Jest,chŁopak,chłopAk,tAk,gÁda	372,6941973	1698,547447	2660,346404	4003,697588	1040,091828	2059,257702	2847,220029	4156,838933	300,1611193	1439,238037	2317,122703	3549,049114	0,098026852	0,418227719	0,647472991	0,748035687
1539311	K18-2001-Niedzica-523981-530200-tÉgo,środEk,dziadEk,zAczął,tOpić,skOczyli,rAtOwali - segmenty.txt	1,805516	informator	u	1,83896	K18-2001-Niedzica	K18-2001-Niedzica-523981-530200-tÉgo,środEk,dziadEk,zAczął,tOpić,skOczyli,rAtOwali	360,1407993	1718,445196	2613,184955	3831,806984	1040,091828	2059,257702	2847,220029	4156,838933	300,1611193	1439,238037	2317,122703	3549,049114	0,081061212	0,450319845	0,558505463	0,465223111
1539348	M12-1998-Niedzica-226250-241410-neJI,tÉż,rÓżne,zEspoŁy,byŁy,JakbY,odgrYwaŁo - segmenty.txt	6,292094	informator	y	6,370046	M12-1998-Niedzica	M12-1998-Niedzica-226250-241410-neJI,tÉż,rÓżne,zEspoŁy,byŁy,JakbY,odgrYwaŁo	354,1421166	1750,912371	2475,386907	3754,271569	673,5264448	1873,379099	2723,93923	3941,107855	315,2764516	1095,343429	1974,231627	3559,011345	0,108487553	0,84259497	0,66846765	0,511023311
	M12-1998-Niedzica-143087-147560-tÉż,I,wYchodzi,psA,tO,byŁo - segmenty.txt	0,649859	informator	y	0,706409	M12-1998-Niedzica	M12-1998-Niedzica-143087-147560-tÉż,I,wYchodzi,psA,tO,byŁo	353,1805657	1569,110968	2450,827663	3659,689014	673,5264448	1873,379099	2723,93923	3941,107855	315,2764516	1095,343429	1974,231627	3559,011345	0,105803531	0,608927788	0,63570922	0,263487537
	K18-2001-Niedzica-376740-384920-ktO,kUpOwać,brAtA,hEt,gAzdÓwkA - segmenty.txt	0,481537	informator	o	0,520897	K18-2001-Niedzica	K18-2001-Niedzica-376740-384920-ktO,kUpOwać,brAtA,hEt,gAzdÓwkA	350,704797	1756,974354	2664,746411	4035,005162	1040,091828	2059,257702	2847,220029	4156,838933	300,1611193	1439,238037	2317,122703	3549,049114	0,068308663	0,512461677	0,655773367	0,799546213
1539237	K18-2001-Niedzica-792180-798101-tAk,kOpalI,przychodzIlI - segmenty.txt	5,3993	informator	i	5,517731	K18-2001-Niedzica	K18-2001-Niedzica-792180-798101-tAk,kOpalI,przychodzIlI	346,4716437	1754,361235	2707,779151	3978,761624	1040,091828	2059,257702	2847,220029	4156,838933	300,1611193	1439,238037	2317,122703	3549,049114	0,06258765	0,508247101	0,736952307	0,707008405
	M12-1998-Niedzica-96520-107070-rÓżnie,Ugadujemy,pOgÁdamy,U - segmenty.txt	2,050754	informator	u	2,125734	M12-1998-Niedzica	M12-1998-Niedzica-96520-107070-rÓżnie,Ugadujemy,pOgÁdamy,U	341,2872472	1423,599062	2412,42841	3764,003986	673,5264448	1873,379099	2723,93923	3941,107855	315,2764516	1095,343429	1974,231627	3559,011345	0,072605153	0,421903065	0,584490248	0,536494408
	K18-2001-Niedzica-448233-457670-bAbka,dÁwniej,chodzIlI - segmenty.txt	3,797889	informator	i	3,860214	K18-2001-Niedzica	K18-2001-Niedzica-448233-457670-bAbka,dÁwniej,chodzIlI	339,1000163	1827,11953	2643,096034	3944,884013	1040,091828	2059,257702	2847,220029	4156,838933	300,1611193	1439,238037	2317,122703	3549,049114	0,052625059	0,625595469	0,614931098	0,651269381
953836	M12-1998-Niedzica-244941-256010-tO,byŁ,wYkOpYwany,bO,tO,byŁ,dAwno - segmenty.txt	0,968781	eksplorator	ł	1,023086	M12-1998-Niedzica	M12-1998-Niedzica-244941-256010-tO,byŁ,wYkOpYwany,bO,tO,byŁ,dAwno	323,7645987	1357,04625	2374,731891	3669,622953	673,5264448	1873,379099	2723,93923	3941,107855	315,2764516	1095,343429	1974,231627	3559,011345	0,023693363	0,336363526	0,53420862	0,289486046
1539464	M12-1998-Niedzica-148792-160010-zA,pAs,byŁo,bEz,pŁot,skÁkać,braŁo,chUdY - segmenty.txt	7,370074	informator	u	7,427073	M12-1998-Niedzica	M12-1998-Niedzica-148792-160010-zA,pAs,byŁo,bEz,pŁot,skÁkać,braŁo,chUdY	315,2764516	1664,465876	2632,812877	3736,473673	673,5264448	1873,379099	2723,93923	3941,107855	315,2764516	1095,343429	1974,231627	3559,011345	0	0,731486318	0,878450809	0,464443728
1539464	K18-2001-Niedzica-112570-126110-bUtY,wIgoń - segmenty.txt	8,534313	informator	i	8,581574	K18-2001-Niedzica	K18-2001-Niedzica-112570-126110-bUtY,wIgoń	300,1611193	2059,257702	2724,869251	3898,350976	1040,091828	2059,257702	2847,220029	4156,838933	300,1611193	1439,238037	2317,122703	3549,049114	0	1	0,769191858	0,574708315
